{"_wandb":{"runtime":4278},"train_batch/recon_loss":17182.818359375,"train_batch/logvar_abs":7.93181037902832,"_timestamp":1.77334165386872e+09,"train_batch/loss":17190.888671875,"train_batch/mu_abs":15.909650802612305,"train_batch/beta":0.0003,"_step":7850,"train_batch/kl_loss":26901.16796875,"train_batch/samples_per_second":67.37706772849864,"train_batch/recon_mse":0.06491021066904068,"_runtime":4278.317529625,"train_batch/recon_l1":0.12943300604820251}